{"cameraMode":{"drawMode":0,"name":"Shaded","section":"Shading Mode"},"sceneLighting":true,"audioPlay":false,"sceneViewState":{"showFog":true,"showMaterialUpdate":false,"showSkybox":true,"showFlares":true,"showImageEffects":true,"showParticleSystems":true},"in2DMode":false,"pivot":{"x":0.0,"y":0.5499999523162842,"z":1.4100003242492676},"rotation":{"x":-0.33228814601898196,"y":0.2441897690296173,"z":-0.08949799090623856,"w":-0.906619668006897},"size":6.810848236083984,"orthographic":false}